[
    {
      "id": 1,
      "firstname": "Ali",
      "lastname": "Karimov",
      "course": 1,
      "faculty": "Dasturiy injiniring"
    },
    {
      "id": 2,
      "firstname": "Dilnoza",
      "lastname": "Toirova",
      "course": 2,
      "faculty": "Axborot xavfsizligi"
    },
    {
      "id": 3,
      "firstname": "Jamshid",
      "lastname": "Qodirov",
      "course": 3,
      "faculty": "Kiberxavfsizlik"
    },
    {
      "id": 4,
      "firstname": "Malika",
      "lastname": "Rustamova",
      "course": 4,
      "faculty": "Sun’iy intellekt"
    },
    {
      "id": 5,
      "firstname": "Bekzod",
      "lastname": "Yusupov",
      "course": 1,
      "faculty": "Kompyuter injiniringi"
    },
    {
      "id": 6,
      "firstname": "Zilola",
      "lastname": "Nazarova",
      "course": 2,
      "faculty": "Axborot texnologiyalari"
    },
    {
      "id": 7,
      "firstname": "Shohruh",
      "lastname": "Abdullayev",
      "course": 3,
      "faculty": "Kompyuter grafika"
    },
    {
      "id": 8,
      "firstname": "Feruza",
      "lastname": "Islomova",
      "course": 4,
      "faculty": "Dasturiy injiniring"
    },
    {
      "id": 9,
      "firstname": "Nodir",
      "lastname": "Rasulov",
      "course": 2,
      "faculty": "Axborot xavfsizligi"
    },
    {
      "id": 10,
      "firstname": "Diyor",
      "lastname": "Sattorov",
      "course": 1,
      "faculty": "Sun’iy intellekt"
    }
  ]
  